Display Name,Email,Phone Number,Encrypted Password
Mark,viswanathan.jk@zohocorp.com,9000062122,Ygikifv
Vish,heidenreich.zachariah@gmail.com,9000068021,wkugoiuwef
Silvan,sonia.kautzer@fahey.com,9000072001,wdkjbw
John,nrutherford@gmail.com,9000094003,Wreath
Petrucci,zdibbert@hotmail.com,9000137001,Fvulhowerve
Alphan,korey.zulauf@gmail.com,9000152001,Ouheoruh
George,eino.cronin@yahoo.com,9000380007,Ouheroue
Fox,sarina64@lindgren.biz,9000380025,Skjbksb
Adrianne,rbergnaum@feeney.com,9000387009,sugossos
Mark,keebler.skyla@krajcik.com,9000511107,Sfkuwou
Bill,felicity01@abshire.com,9000585001,luheouhe
Zucker,jannie.spencer@pfannerstill.com,9000590013,Ugfouge
Johnny,vita.cormier@hotmail.com,9000602003,fvjoebvuo
Rosh,vjerde@dach.com,9000602013,Wrveerve
Will,jettie04@nienow.org,9000614023,Fvjboufd
Berkins,borer.trudie@johnston.info,9000640009,Uhrouvhyeo
Smith,wilderman.robyn@gmail.com,9000641089,ugeovvuhoer
Chad,mkovacek@volkman.com,9000652041,ruhgeor8y0rf
Brad,curtis91@gmail.com,9000801099,wrfu7fohever
Lilly,freddie.gibson@west.com,9000839329,Weofuhworuvhw
Victoria,mglover@hotmail.com,9001088009,wrr8ovy0r8yfh
Olivia,jaden.sporer@gmail.com,9001088031,ewf8y98hfowu
Henry,grace01@yahoo.com,9001129005,2947f9ff
Ford,stiedemann.antonina@schiller.com,9001135063,2of8howhf
Shift,iwolff@paucek.com,9001379007,2fo8h0f3f
Parker,grant.pouros@gmail.com,9001420045,f7o3uhf8hwrf
Sylvester,lonie37@rosenbaum.com,9001422005,24ofh08yh0f2
Drago,osborne35@hotmail.com,9001425003,2fo7h7hwrf
Calvin,powlowski.rod@davis.biz,9001447269,2f8h08hrf08h
Oliver,cayla00@gmail.com,9001509023,siuvbie78378HH
Witherson,jeff92@hotmail.com,9001509045,o8wrh0vu8HO